race,gender,model_margin_mean,model_margin_se,human_callback,n_names,model
Black,Female,5.430555555555555,0.04709951377170326,0.0651550874614284,9,qwen36_27b
Black,Male,5.361111111111111,0.032572331665440483,0.05901993992018965,9,qwen36_27b
White,Female,5.367559523809524,0.022240002564152123,0.12852664722347523,84,qwen36_27b
White,Male,5.180851063829787,0.06186758097046695,0.17862502346858475,47,qwen36_27b
