race,gender,model_margin_mean,model_margin_se,human_callback,n_names,model
Black,Female,3.1666666666666665,0.08333333333333333,0.0651550874614284,9,qwen36_35b_a3b
Black,Male,2.9027777777777777,0.05810139073153303,0.05901993992018965,9,qwen36_35b_a3b
White,Female,3.174107142857143,0.01963543971464547,0.12852664722347523,84,qwen36_35b_a3b
White,Male,2.8085106382978724,0.04074409513060137,0.17862502346858475,47,qwen36_35b_a3b
