model,predictor,pearson_r,pearson_p,standardized_ols_beta,ols_r2,n_names
gemma4_31b,human_callback,0.06622833545232323,0.4222678007691751,-0.01751818100046104,0.4068173827318551,149
gemma4_31b,model_warmth,0.13725436739821292,0.09507723257830249,-0.9802979316032782,0.4068173827318551,149
gemma4_31b,model_competence,0.48224605869663534,4.740722509485895e-10,1.4690950491113484,0.4068173827318551,149
