race,gender,model_margin_mean,model_margin_se,human_callback,n_names,model
Black,Female,21.84027777777778,0.06597222222222222,0.0651550874614284,9,gemma4_26b_a4b
Black,Male,21.15972222222222,0.1259129469754774,0.05901993992018965,9,gemma4_26b_a4b
White,Female,21.274553571428573,0.03179244243530806,0.12852664722347523,84,gemma4_26b_a4b
White,Male,20.59507978723404,0.12712462657349824,0.17862502346858475,47,gemma4_26b_a4b
