model,predictor,pearson_r,pearson_p,standardized_ols_beta,ols_r2,n_names
qwen36_35b_a3b,human_callback,-0.012544119965950923,0.8793155657305574,-0.011949858929122068,0.2677928544381686,149
qwen36_35b_a3b,model_warmth,0.507202734822747,4.0836757612421145e-11,0.1858213002981334,0.2677928544381686,149
qwen36_35b_a3b,model_competence,0.3972539206726986,5.268837075487437e-07,-0.051471092966709465,0.2677928544381686,149
