race,gender,model_margin_mean,model_margin_se,human_callback,n_names,model
Black,Female,17.12109375,0.04281434339033762,0.0651550874614284,9,gemma4_12b
Black,Male,17.265869140625,0.089482525728034,0.05901993992018965,9,gemma4_12b
White,Female,17.172964913504465,0.014646507596488879,0.12852664722347523,84,gemma4_12b
White,Male,17.10813351894947,0.037439327366064284,0.17862502346858475,47,gemma4_12b
