model,predictor,pearson_r,pearson_p,standardized_ols_beta,ols_r2,n_names
qwen36_27b,human_callback,0.04163825363015727,0.6141222891065456,0.005225676081933079,0.28756178135748,149
qwen36_27b,model_warmth,0.49877669234701016,9.554289027688442e-11,0.23193621414878132,0.28756178135748,149
qwen36_27b,model_competence,0.2949868415394906,0.0002601466895310698,-0.10302228079266533,0.28756178135748,149
