race,gender,model_margin_mean,model_margin_se,human_callback,n_names,model
Black,Female,25.88888888888889,0.06672180156449874,0.0651550874614284,9,gemma4_31b
Black,Male,25.78125,0.03862603378695658,0.05901993992018965,9,gemma4_31b
White,Female,25.816993350074405,0.04580444107609676,0.12852664722347523,84,gemma4_31b
White,Male,25.037400265957448,0.34712669971432236,0.17862502346858475,47,gemma4_31b
