axis,diff_norm,cosine_high_low,proj_high_mean,proj_high_std,proj_low_mean,proj_low_std,cohens_d,cv_mean,cv_std,cv_folds,topic_cv_mean,topic_cv_std,topic_cv_folds
warmth,3122.134766,0.999294,42917.929688,1055.473511,39795.800781,1063.340332,2.947033,1.0,0.0,"[1.0, 1.0, 1.0, 1.0, 1.0]",1.0,0.0,"[1.0, 1.0, 1.0, 1.0, 1.0]"
competence,3542.534424,0.99904,41760.761719,1271.893066,38218.234375,852.016296,3.272521,1.0,0.0,"[1.0, 1.0, 1.0, 1.0, 1.0]",1.0,0.0,"[1.0, 1.0, 1.0, 1.0, 1.0]"
