axis,diff_norm,cosine_high_low,proj_high_mean,proj_high_std,proj_low_mean,proj_low_std,cohens_d,cv_mean,cv_std,cv_folds
warmth,2837.621582,0.999647,54546.34375,1099.170654,51708.730469,1001.267944,2.698994,1.0,0.0,"[1.0, 1.0, 1.0, 1.0, 1.0]"
competence,3389.776123,0.999559,58713.148438,1286.745361,55323.386719,1103.788696,2.827718,1.0,0.0,"[1.0, 1.0, 1.0, 1.0, 1.0]"
