{
  "k": 43,
  "variance_kept": 0.5024797916412354,
  "cosine_before": 0.7077974677085876,
  "cosine_after": 0.48698295194423263
}