{
  "k": 1,
  "variance_kept": 0.5609942078590393,
  "cosine_before": 0.7489530444145203,
  "cosine_after": 0.529611287205324
}