{
  "label": "gemma4_12b_broad",
  "seed": 20260527,
  "raw_input": "results/tables/hiring_steering_raw_gemma4_12b_broad.csv",
  "summary_output": "results/tables/hiring_steering_gemma4_12b_broad.csv",
  "axes": {
    "warmth": {
      "slope": 8.764114583333335,
      "r_squared": 0.6543441695360515,
      "monotone_non_decreasing": false,
      "positive_endpoint": 0.5,
      "endpoint_mean_delta": -1.2563761393229167,
      "endpoint_ci_95_low": -1.3175746663411458,
      "endpoint_ci_95_high": -1.1931217447916669,
      "endpoint_sign_matches_slope": false
    },
    "competence": {
      "slope": 6.478333333333332,
      "r_squared": 0.6492134170483459,
      "monotone_non_decreasing": false,
      "positive_endpoint": 0.5,
      "endpoint_mean_delta": -0.12799072265625,
      "endpoint_ci_95_low": -0.1976130167643229,
      "endpoint_ci_95_high": -0.05972035725911459,
      "endpoint_sign_matches_slope": false
    }
  },
  "margin_diagnostic": {
    "n": 60,
    "n_unique": 56,
    "sd": 0.18606854646296425,
    "fraction_on_0.125_grid": 0.05,
    "quantisation_warning": false
  }
}