{
  "label": "qwen36_35b_a3b_denoised_local_full282",
  "seed": 20260527,
  "raw_input": "results/tables/hiring_steering_raw_qwen36_35b_a3b_denoised_local_full282.csv",
  "summary_output": "results/tables/hiring_steering_qwen36_35b_a3b_denoised_local_full282.csv",
  "axes": {
    "warmth": {
      "slope": 8.639184397163119,
      "r_squared": 0.988525889014153,
      "monotone_non_decreasing": true,
      "positive_endpoint": 0.1,
      "endpoint_mean_delta": 0.9955673758865248,
      "endpoint_ci_95_low": 0.9676418439716312,
      "endpoint_ci_95_high": 1.0217198581560283,
      "endpoint_sign_matches_slope": true
    },
    "competence": {
      "slope": 4.729609929078014,
      "r_squared": 0.9951413556667646,
      "monotone_non_decreasing": true,
      "positive_endpoint": 0.1,
      "endpoint_mean_delta": 0.43129432624113473,
      "endpoint_ci_95_low": 0.4095744680851064,
      "endpoint_ci_95_high": 0.45390070921985815,
      "endpoint_sign_matches_slope": true
    }
  },
  "margin_diagnostic": {
    "n": 282,
    "n_unique": 13,
    "sd": 0.23507553545579585,
    "fraction_on_0.125_grid": 1.0,
    "quantisation_warning": true
  }
}