{
  "label": "gemma4_31b_denoised_local_full282",
  "seed": 20260527,
  "raw_input": "results/tables/hiring_steering_raw_gemma4_31b_denoised_local_full282.csv",
  "summary_output": "results/tables/hiring_steering_gemma4_31b_denoised_local_full282.csv",
  "axes": {
    "warmth": {
      "slope": 4.306200825576241,
      "r_squared": 0.5294994987506425,
      "monotone_non_decreasing": false,
      "positive_endpoint": 0.1,
      "endpoint_mean_delta": -0.2306799922429078,
      "endpoint_ci_95_low": -0.25975523603723405,
      "endpoint_ci_95_high": -0.19545318387078903,
      "endpoint_sign_matches_slope": false
    },
    "competence": {
      "slope": 2.357165613918442,
      "r_squared": 0.2040451599118679,
      "monotone_non_decreasing": false,
      "positive_endpoint": 0.1,
      "endpoint_mean_delta": -0.5312811668882979,
      "endpoint_ci_95_low": -0.5614969456449468,
      "endpoint_ci_95_high": -0.49398790724734043,
      "endpoint_sign_matches_slope": false
    }
  },
  "margin_diagnostic": {
    "n": 282,
    "n_unique": 37,
    "sd": 1.0286661571425324,
    "fraction_on_0.125_grid": 0.24113475177304963,
    "quantisation_warning": false
  }
}