{
  "label": "gemma4_26b_a4b_broad_full282",
  "seed": 20260527,
  "raw_input": "results/tables/hiring_steering_raw_gemma4_26b_a4b_broad_full282.csv",
  "summary_output": "results/tables/hiring_steering_gemma4_26b_a4b_broad_full282.csv",
  "axes": {
    "warmth": {
      "slope": 3.663286790780142,
      "r_squared": 0.9062507882053396,
      "monotone_non_decreasing": true,
      "positive_endpoint": 0.5,
      "endpoint_mean_delta": 0.7826906028368794,
      "endpoint_ci_95_low": 0.7426806294326241,
      "endpoint_ci_95_high": 0.8241384086879432,
      "endpoint_sign_matches_slope": true
    },
    "competence": {
      "slope": 0.663907358156029,
      "r_squared": 0.061655896492555984,
      "monotone_non_decreasing": false,
      "positive_endpoint": 0.5,
      "endpoint_mean_delta": -1.9926307624113475,
      "endpoint_ci_95_low": -2.033305629432624,
      "endpoint_ci_95_high": -1.9502964317375886,
      "endpoint_sign_matches_slope": false
    }
  },
  "margin_diagnostic": {
    "n": 282,
    "n_unique": 37,
    "sd": 0.5856883932519812,
    "fraction_on_0.125_grid": 0.5602836879432624,
    "quantisation_warning": false
  }
}