{
  "label": "gemma4_12b_broad_full282",
  "seed": 20260527,
  "raw_input": "results/tables/hiring_steering_raw_gemma4_12b_broad_full282.csv",
  "summary_output": "results/tables/hiring_steering_gemma4_12b_broad_full282.csv",
  "axes": {
    "warmth": {
      "slope": 8.729299645390071,
      "r_squared": 0.6511051030354438,
      "monotone_non_decreasing": false,
      "positive_endpoint": 0.5,
      "endpoint_mean_delta": -1.2761253262242527,
      "endpoint_ci_95_low": -1.301089991745374,
      "endpoint_ci_95_high": -1.2501718100081098,
      "endpoint_sign_matches_slope": false
    },
    "competence": {
      "slope": 6.502892287234044,
      "r_squared": 0.6564399302144763,
      "monotone_non_decreasing": false,
      "positive_endpoint": 0.5,
      "endpoint_mean_delta": -0.08197639005403992,
      "endpoint_ci_95_low": -0.11202789029331073,
      "endpoint_ci_95_high": -0.05290597465866849,
      "endpoint_sign_matches_slope": false
    }
  },
  "margin_diagnostic": {
    "n": 282,
    "n_unique": 209,
    "sd": 0.18663541795642472,
    "fraction_on_0.125_grid": 0.014184397163120567,
    "quantisation_warning": false
  }
}