{
  "label": "gemma4_31b_local_full282",
  "seed": 20260527,
  "raw_input": "results/tables/hiring_steering_raw_gemma4_31b_local_full282.csv",
  "summary_output": "results/tables/hiring_steering_gemma4_31b_local_full282.csv",
  "axes": {
    "warmth": {
      "slope": 3.178350786790779,
      "r_squared": 0.33024056596469464,
      "monotone_non_decreasing": false,
      "positive_endpoint": 0.1,
      "endpoint_mean_delta": -0.4582398326684397,
      "endpoint_ci_95_low": -0.48930707349844854,
      "endpoint_ci_95_high": -0.422016289893617,
      "endpoint_sign_matches_slope": false
    },
    "competence": {
      "slope": 0.8126523714539027,
      "r_squared": 0.02314642607734063,
      "monotone_non_decreasing": false,
      "positive_endpoint": 0.1,
      "endpoint_mean_delta": -0.8022530197251773,
      "endpoint_ci_95_low": -0.8345314404643174,
      "endpoint_ci_95_high": -0.7624093562998671,
      "endpoint_sign_matches_slope": false
    }
  },
  "margin_diagnostic": {
    "n": 282,
    "n_unique": 37,
    "sd": 1.0286661571425324,
    "fraction_on_0.125_grid": 0.24113475177304963,
    "quantisation_warning": false
  }
}