{
  "label": "gemma4_31b_broad_full282",
  "seed": 20260527,
  "raw_input": "results/tables/hiring_steering_raw_gemma4_31b_broad_full282.csv",
  "summary_output": "results/tables/hiring_steering_gemma4_31b_broad_full282.csv",
  "axes": {
    "warmth": {
      "slope": 7.828641872541282,
      "r_squared": 0.5079940398099714,
      "monotone_non_decreasing": false,
      "positive_endpoint": 0.5,
      "endpoint_mean_delta": -2.607799340647163,
      "endpoint_ci_95_low": -2.675998206172429,
      "endpoint_ci_95_high": -2.520285315547429,
      "endpoint_sign_matches_slope": false
    },
    "competence": {
      "slope": 3.0575770168439713,
      "r_squared": 0.21251990450270908,
      "monotone_non_decreasing": false,
      "positive_endpoint": 0.5,
      "endpoint_mean_delta": -3.607644371952571,
      "endpoint_ci_95_low": -3.6791181415530807,
      "endpoint_ci_95_high": -3.5120325399628767,
      "endpoint_sign_matches_slope": false
    }
  },
  "margin_diagnostic": {
    "n": 282,
    "n_unique": 37,
    "sd": 1.0286661571425324,
    "fraction_on_0.125_grid": 0.24113475177304963,
    "quantisation_warning": false
  }
}