{
  "label": "gemma4_12b_denoised_local_full282",
  "seed": 20260527,
  "raw_input": "results/tables/hiring_steering_raw_gemma4_12b_denoised_local_full282.csv",
  "summary_output": "results/tables/hiring_steering_gemma4_12b_denoised_local_full282.csv",
  "axes": {
    "warmth": {
      "slope": 19.65197523942231,
      "r_squared": 0.9114001510746401,
      "monotone_non_decreasing": true,
      "positive_endpoint": 0.1,
      "endpoint_mean_delta": 0.9076736057903749,
      "endpoint_ci_95_low": 0.893991612035332,
      "endpoint_ci_95_high": 0.9223292075150402,
      "endpoint_sign_matches_slope": true
    },
    "competence": {
      "slope": 21.351681215543277,
      "r_squared": 0.9512265355178169,
      "monotone_non_decreasing": true,
      "positive_endpoint": 0.1,
      "endpoint_mean_delta": 1.259300171060765,
      "endpoint_ci_95_low": 1.2425348929479612,
      "endpoint_ci_95_high": 1.2764166431224093,
      "endpoint_sign_matches_slope": true
    }
  },
  "margin_diagnostic": {
    "n": 282,
    "n_unique": 209,
    "sd": 0.18663541795642472,
    "fraction_on_0.125_grid": 0.014184397163120567,
    "quantisation_warning": false
  }
}