{
  "label": "gemma4_12b_local",
  "seed": 20260527,
  "raw_input": "results/tables/hiring_steering_raw_gemma4_12b_local.csv",
  "summary_output": "results/tables/hiring_steering_gemma4_12b_local.csv",
  "axes": {
    "warmth": {
      "slope": 20.224827067057294,
      "r_squared": 0.9310273105083857,
      "monotone_non_decreasing": true,
      "positive_endpoint": 0.1,
      "endpoint_mean_delta": 1.0487508138020833,
      "endpoint_ci_95_low": 1.0128133138020834,
      "endpoint_ci_95_high": 1.0852340698242187,
      "endpoint_sign_matches_slope": true
    },
    "competence": {
      "slope": 22.94081217447917,
      "r_squared": 0.9676233709867784,
      "monotone_non_decreasing": true,
      "positive_endpoint": 0.1,
      "endpoint_mean_delta": 1.5267618815104167,
      "endpoint_ci_95_low": 1.4922145589192708,
      "endpoint_ci_95_high": 1.560303243001302,
      "endpoint_sign_matches_slope": true
    }
  },
  "margin_diagnostic": {
    "n": 60,
    "n_unique": 56,
    "sd": 0.18606854646296425,
    "fraction_on_0.125_grid": 0.05,
    "quantisation_warning": false
  }
}