{
  "label": "gemma4_31b_denoised_local",
  "seed": 20260527,
  "raw_input": "results/tables/hiring_steering_raw_gemma4_31b_denoised_local.csv",
  "summary_output": "results/tables/hiring_steering_gemma4_31b_denoised_local.csv",
  "axes": {
    "warmth": {
      "slope": 4.325781250000001,
      "r_squared": 0.5330211490160888,
      "monotone_non_decreasing": false,
      "positive_endpoint": 0.1,
      "endpoint_mean_delta": -0.23321940104166666,
      "endpoint_ci_95_low": -0.2786458333333333,
      "endpoint_ci_95_high": -0.1825813802083334,
      "endpoint_sign_matches_slope": false
    },
    "competence": {
      "slope": 2.516145833333334,
      "r_squared": 0.22041578032579356,
      "monotone_non_decreasing": false,
      "positive_endpoint": 0.1,
      "endpoint_mean_delta": -0.5239095052083333,
      "endpoint_ci_95_low": -0.56171875,
      "endpoint_ci_95_high": -0.48102213541666666,
      "endpoint_sign_matches_slope": false
    }
  },
  "margin_diagnostic": {
    "n": 60,
    "n_unique": 26,
    "sd": 0.5137901736838091,
    "fraction_on_0.125_grid": 0.23333333333333334,
    "quantisation_warning": false
  }
}