{
  "label": "qwen36_27b_denoised_local_full282",
  "seed": 20260527,
  "raw_input": "results/tables/hiring_steering_raw_qwen36_27b_denoised_local_full282.csv",
  "summary_output": "results/tables/hiring_steering_qwen36_27b_denoised_local_full282.csv",
  "axes": {
    "warmth": {
      "slope": 11.9822695035461,
      "r_squared": 0.9986824420827645,
      "monotone_non_decreasing": true,
      "positive_endpoint": 0.1,
      "endpoint_mean_delta": 1.133421985815603,
      "endpoint_ci_95_low": 1.1210106382978724,
      "endpoint_ci_95_high": 1.1458333333333333,
      "endpoint_sign_matches_slope": true
    },
    "competence": {
      "slope": 6.630319148936171,
      "r_squared": 0.9522026955014101,
      "monotone_non_decreasing": true,
      "positive_endpoint": 0.1,
      "endpoint_mean_delta": 0.40868794326241137,
      "endpoint_ci_95_low": 0.3967198581560284,
      "endpoint_ci_95_high": 0.42065602836879434,
      "endpoint_sign_matches_slope": true
    }
  },
  "margin_diagnostic": {
    "n": 282,
    "n_unique": 16,
    "sd": 0.24961954595023364,
    "fraction_on_0.125_grid": 1.0,
    "quantisation_warning": true
  }
}