{
  "label": "gemma4_12b_local_full282",
  "seed": 20260527,
  "raw_input": "results/tables/hiring_steering_raw_gemma4_12b_local_full282.csv",
  "summary_output": "results/tables/hiring_steering_gemma4_12b_local_full282.csv",
  "axes": {
    "warmth": {
      "slope": 20.214719082446805,
      "r_squared": 0.9300732789048504,
      "monotone_non_decreasing": true,
      "positive_endpoint": 0.1,
      "endpoint_mean_delta": 1.036049152942414,
      "endpoint_ci_95_low": 1.0215262617625243,
      "endpoint_ci_95_high": 1.0512219988707956,
      "endpoint_sign_matches_slope": true
    },
    "competence": {
      "slope": 22.951004785848845,
      "r_squared": 0.9669527986305978,
      "monotone_non_decreasing": true,
      "positive_endpoint": 0.1,
      "endpoint_mean_delta": 1.5151985046711374,
      "endpoint_ci_95_low": 1.4994085054871038,
      "endpoint_ci_95_high": 1.530773238256468,
      "endpoint_sign_matches_slope": true
    }
  },
  "margin_diagnostic": {
    "n": 282,
    "n_unique": 209,
    "sd": 0.18663541795642472,
    "fraction_on_0.125_grid": 0.014184397163120567,
    "quantisation_warning": false
  }
}