{
  "label": "gemma4_26b_a4b_local_full282",
  "seed": 20260527,
  "raw_input": "results/tables/hiring_steering_raw_gemma4_26b_a4b_local_full282.csv",
  "summary_output": "results/tables/hiring_steering_gemma4_26b_a4b_local_full282.csv",
  "axes": {
    "warmth": {
      "slope": 1.6935948581560285,
      "r_squared": 0.9095655038747584,
      "monotone_non_decreasing": true,
      "positive_endpoint": 0.1,
      "endpoint_mean_delta": 0.0662677304964539,
      "endpoint_ci_95_low": 0.04388020833333334,
      "endpoint_ci_95_high": 0.08976063829787234,
      "endpoint_sign_matches_slope": true
    },
    "competence": {
      "slope": -0.0046265514184396905,
      "r_squared": 3.815429627129774e-06,
      "monotone_non_decreasing": false,
      "positive_endpoint": 0.1,
      "endpoint_mean_delta": -0.40835549645390073,
      "endpoint_ci_95_low": -0.44304078014184395,
      "endpoint_ci_95_high": -0.3755513076241135,
      "endpoint_sign_matches_slope": true
    }
  },
  "margin_diagnostic": {
    "n": 282,
    "n_unique": 37,
    "sd": 0.5856883932519812,
    "fraction_on_0.125_grid": 0.5602836879432624,
    "quantisation_warning": false
  }
}