{
  "label": "gemma4_31b_local",
  "seed": 20260527,
  "raw_input": "results/tables/hiring_steering_raw_gemma4_31b_local.csv",
  "summary_output": "results/tables/hiring_steering_gemma4_31b_local.csv",
  "axes": {
    "warmth": {
      "slope": 3.3322916666666673,
      "r_squared": 0.3382675674276786,
      "monotone_non_decreasing": false,
      "positive_endpoint": 0.1,
      "endpoint_mean_delta": -0.44170735677083334,
      "endpoint_ci_95_low": -0.48333333333333334,
      "endpoint_ci_95_high": -0.3946533203125,
      "endpoint_sign_matches_slope": false
    },
    "competence": {
      "slope": 0.9018229166666676,
      "r_squared": 0.027273358844058126,
      "monotone_non_decreasing": false,
      "positive_endpoint": 0.1,
      "endpoint_mean_delta": -0.8142333984375,
      "endpoint_ci_95_low": -0.8571689860026042,
      "endpoint_ci_95_high": -0.7651346842447917,
      "endpoint_sign_matches_slope": false
    }
  },
  "margin_diagnostic": {
    "n": 60,
    "n_unique": 26,
    "sd": 0.501054597950288,
    "fraction_on_0.125_grid": 0.25,
    "quantisation_warning": false
  }
}