{
  "label": "gemma4_12b_calibrated",
  "model": "google/gemma-4-12B-it",
  "probe_layer": 31,
  "hook": "blocks.31.hook_resid_post",
  "seed": 20260527,
  "train_topics": [
    0,
    1,
    2,
    4,
    5,
    6,
    7,
    9,
    10,
    15,
    16,
    17,
    18,
    25,
    26,
    27,
    28,
    36,
    37,
    38,
    45,
    46,
    47,
    48,
    49,
    55,
    58,
    65,
    67,
    68,
    69,
    75,
    76,
    77,
    85,
    86,
    87,
    88,
    95,
    96
  ],
  "test_topics": [
    3,
    8,
    19,
    35,
    56,
    57,
    66,
    78,
    79,
    97
  ],
  "mean_resid_norm": 97.81890869140625,
  "strengths": [
    -0.1,
    -0.05,
    0.0,
    0.05,
    0.1
  ],
  "n_test_topics": 10,
  "vector_kind": "raw",
  "include_cross_axis": true,
  "n_random_directions": 99,
  "prompt_format": "native-chat",
  "control_scale": "sd_matched",
  "interventions": [
    "additive",
    "norm_preserving"
  ],
  "direction_sds_train_topics": {
    "warmth": 3.4224260327843976,
    "competence": 3.768838469720317,
    "random_000": 0.20940930194400065,
    "random_001": 0.2628143150415446,
    "random_002": 0.26361826361249047,
    "random_003": 0.24419970247137518,
    "random_004": 0.17684217541811037,
    "random_005": 0.2258115838714498,
    "random_006": 0.2569145423424634,
    "random_007": 0.25270807425126185,
    "random_008": 0.18242641385148603,
    "random_009": 0.21266010907449334,
    "random_010": 0.1859578457115861,
    "random_011": 0.1947538943494513,
    "random_012": 0.2547789003516012,
    "random_013": 0.20960898549834467,
    "random_014": 0.21830470693418907,
    "random_015": 0.21712306789283722,
    "random_016": 0.19672104008656244,
    "random_017": 0.23268965186734025,
    "random_018": 0.22220534428618377,
    "random_019": 0.20604416556023877,
    "random_020": 0.24236763920219737,
    "random_021": 0.1944258615854019,
    "random_022": 0.27910423237994475,
    "random_023": 0.21109365598543012,
    "random_024": 0.23239013857786162,
    "random_025": 0.24014536695659602,
    "random_026": 0.2455913061209391,
    "random_027": 0.1882365196310641,
    "random_028": 0.250590955792103,
    "random_029": 0.1968790545725552,
    "random_030": 0.20903246345867055,
    "random_031": 0.23805894731973912,
    "random_032": 0.22406542516540826,
    "random_033": 0.24106794485928076,
    "random_034": 0.180381214017647,
    "random_035": 0.2020645549503327,
    "random_036": 0.20960101349889834,
    "random_037": 0.21885557537449363,
    "random_038": 0.1855463694784683,
    "random_039": 0.21548762031964866,
    "random_040": 0.2621651305815792,
    "random_041": 0.19594289144154303,
    "random_042": 0.22020614846385486,
    "random_043": 0.18780089896255855,
    "random_044": 0.23137206447346254,
    "random_045": 0.209270588480024,
    "random_046": 0.2222789816877045,
    "random_047": 0.2446883467956175,
    "random_048": 0.20385917159366918,
    "random_049": 0.22272549303920908,
    "random_050": 0.2183660455791931,
    "random_051": 0.2027830430665564,
    "random_052": 0.19904304262320294,
    "random_053": 0.2460885761026937,
    "random_054": 0.2140817542839446,
    "random_055": 0.2023319442433782,
    "random_056": 0.20842000478606404,
    "random_057": 0.20980025226913893,
    "random_058": 0.20046225988156208,
    "random_059": 0.2134338754102377,
    "random_060": 0.21011571254482478,
    "random_061": 0.22428686169955708,
    "random_062": 0.2284375284737505,
    "random_063": 0.18618959914612832,
    "random_064": 0.22800843039985716,
    "random_065": 0.24562430523807546,
    "random_066": 0.1977691086787473,
    "random_067": 0.2023165866954952,
    "random_068": 0.19567531638312474,
    "random_069": 0.23903739011137615,
    "random_070": 0.22927698449898778,
    "random_071": 0.22184907685401392,
    "random_072": 0.22194555934056695,
    "random_073": 0.21160921299310714,
    "random_074": 0.21808349493932525,
    "random_075": 0.2303754026234517,
    "random_076": 0.22201189914079333,
    "random_077": 0.20666727973399213,
    "random_078": 0.2055806748828866,
    "random_079": 0.2523403826083023,
    "random_080": 0.17242612076251143,
    "random_081": 0.2010404718192001,
    "random_082": 0.21632215154479148,
    "random_083": 0.20245269050337739,
    "random_084": 0.2115209115679719,
    "random_085": 0.2213709994540484,
    "random_086": 0.19290533655088868,
    "random_087": 0.1964416814803184,
    "random_088": 0.22690957010216717,
    "random_089": 0.18263117932874198,
    "random_090": 0.1840844996269812,
    "random_091": 0.2772097756484746,
    "random_092": 0.27249560794513594,
    "random_093": 0.21591887793209016,
    "random_094": 0.17860747310118008,
    "random_095": 0.18904478953482082,
    "random_096": 0.24493880156673703,
    "random_097": 0.19936734825640703,
    "random_098": 0.20028504256775942
  },
  "calibration_activation_rows": 160,
  "scientific_gate": "descriptive-only",
  "rendered_prompt_example": "<bos><|turn>user\nRead the story below. Is the protagonist high in warmth, meaning warm, caring, considerate, and well-intentioned? Answer only Yes or No.\n\nStory:\nA person completed a routine task.\n\nAnswer:<turn|>\n<|turn>model\n<|channel>thought\n<channel|>",
  "runtime": {
    "backend": "transformer-bridge",
    "transformer_lens_version": "3.5.1",
    "transformers_version": "5.13.0",
    "torch_version": "2.13.0+cu130",
    "dtype": "torch.bfloat16",
    "execution_topology": "single-device",
    "parameter_devices": [
      "cuda:0"
    ],
    "hf_device_map": null,
    "visible_cuda_devices": [
      {
        "index": 0,
        "name": "NVIDIA RTX PRO 6000 Blackwell Server Edition"
      }
    ],
    "model_revision_requested": "12ace6d648d72bd41519e140f1185f34d38c7e3d",
    "model_revision_resolved": "12ace6d648d72bd41519e140f1185f34d38c7e3d",
    "chat_template_sha256": "ae53464bf3be25802b3a5b37def7fd89667067d7577049b3b2d74c4d8de4c6d4",
    "peak_allocated_vram_gib": 22.666702270507812,
    "peak_reserved_vram_gib": 22.93359375
  },
  "raw_output": "results/tables/steering_dense_raw_gemma4_12b_calibrated.csv",
  "summary_output": "results/tables/steering_dense_gemma4_12b_calibrated.csv",
  "null_output": "results/tables/steering_dense_null_gemma4_12b_calibrated.csv"
}