{
  "calibration_activation_rows": 160,
  "checkpoint_dir": "/work/emrecan.ulu/calibrated_steering/20260718T204020Z/checkpoint",
  "control_scale": "sd_matched",
  "direction_sds_train_topics": {
    "competence": 3.5446181220066806,
    "random_000": 0.31004638244091504,
    "random_001": 0.28028869347373614,
    "random_002": 0.22827489187459246,
    "random_003": 0.2521772782966776,
    "random_004": 0.26759927029033986,
    "random_005": 0.24697817367220726,
    "random_006": 0.240439101760584,
    "random_007": 0.2343286528381488,
    "random_008": 0.27273802385527124,
    "random_009": 0.2939596039531981,
    "random_010": 0.23919614237712408,
    "random_011": 0.2034181683585222,
    "random_012": 0.26125297979012246,
    "random_013": 0.2569502194239981,
    "random_014": 0.23202706869284662,
    "random_015": 0.2531117973896018,
    "random_016": 0.2563046749254491,
    "random_017": 0.2912550839727395,
    "random_018": 0.2312294207315892,
    "random_019": 0.24751173999424325,
    "random_020": 0.24274899632353789,
    "random_021": 0.2883901198180589,
    "random_022": 0.3177470518634144,
    "random_023": 0.26431738183717157,
    "random_024": 0.3073663644724165,
    "random_025": 0.27939145498641144,
    "random_026": 0.24931458931491285,
    "random_027": 0.2955769524209069,
    "random_028": 0.22824026936623806,
    "random_029": 0.333385438897588,
    "random_030": 0.3177346730014671,
    "random_031": 0.2650082988229086,
    "random_032": 0.24155123257995031,
    "random_033": 0.25763141578078047,
    "random_034": 0.2827475259430365,
    "random_035": 0.2297957645553911,
    "random_036": 0.2693139939753525,
    "random_037": 0.24913758470650896,
    "random_038": 0.24970499214455974,
    "random_039": 0.256500033554799,
    "random_040": 0.2501325985703666,
    "random_041": 0.3016460914336004,
    "random_042": 0.25012170298838593,
    "random_043": 0.3309379122955709,
    "random_044": 0.2951655088968691,
    "random_045": 0.21747573955556276,
    "random_046": 0.34426937320022316,
    "random_047": 0.22572113369181995,
    "random_048": 0.2174375424941429,
    "random_049": 0.2174710216810253,
    "random_050": 0.21887630674547956,
    "random_051": 0.24643757897717275,
    "random_052": 0.26367322088285233,
    "random_053": 0.2539538741087666,
    "random_054": 0.2553876786364107,
    "random_055": 0.3270464041669151,
    "random_056": 0.22182098295535818,
    "random_057": 0.22700283494990547,
    "random_058": 0.28702790613599394,
    "random_059": 0.3148031954103779,
    "random_060": 0.24056165844193225,
    "random_061": 0.25254763818269005,
    "random_062": 0.23087586518241948,
    "random_063": 0.2644963164323727,
    "random_064": 0.2645309740538582,
    "random_065": 0.3252147652940392,
    "random_066": 0.19701411934297275,
    "random_067": 0.25701500662737087,
    "random_068": 0.2408971353450155,
    "random_069": 0.2627556638956428,
    "random_070": 0.29174229426609366,
    "random_071": 0.24597053234977753,
    "random_072": 0.2698632542538211,
    "random_073": 0.3118679264896676,
    "random_074": 0.3376734980210254,
    "random_075": 0.27969171160641965,
    "random_076": 0.25632822216568635,
    "random_077": 0.2290333789191934,
    "random_078": 0.2386068920329574,
    "random_079": 0.20221774178776888,
    "random_080": 0.33039611795224194,
    "random_081": 0.27069568445234915,
    "random_082": 0.33703063996604443,
    "random_083": 0.2872648143095685,
    "random_084": 0.2598772554784392,
    "random_085": 0.1807401818494834,
    "random_086": 0.2361171026535975,
    "random_087": 0.21581163020635627,
    "random_088": 0.2703282629319217,
    "random_089": 0.30224781539228357,
    "random_090": 0.2661160734362208,
    "random_091": 0.22375253592732672,
    "random_092": 0.2540884484886017,
    "random_093": 0.2935834304317914,
    "random_094": 0.28404492922290747,
    "random_095": 0.23561224218284563,
    "random_096": 0.2699818659205168,
    "random_097": 0.2529850718491406,
    "random_098": 0.2979563828423658,
    "warmth": 3.2506901293408137
  },
  "hook": "blocks.19.hook_resid_post",
  "include_cross_axis": true,
  "interventions": [
    "additive",
    "norm_preserving"
  ],
  "label": "gemma4_26b_a4b_calibrated_scckn_rtx6000",
  "mean_resid_norm": 68.43675994873047,
  "model": "google/gemma-4-26B-A4B-it",
  "n_random_directions": 99,
  "n_test_topics": 10,
  "null_output": "results/tables/steering_dense_null_gemma4_26b_a4b_calibrated_scckn_rtx6000.csv",
  "probe_layer": 19,
  "prompt_format": "native-chat",
  "raw_output": "results/tables/steering_dense_raw_gemma4_26b_a4b_calibrated_scckn_rtx6000.csv",
  "rendered_prompt_example": "<bos><|turn>user\nRead the story below. Is the protagonist high in warmth, meaning warm, caring, considerate, and well-intentioned? Answer only Yes or No.\n\nStory:\nA person completed a routine task.\n\nAnswer:<turn|>\n<|turn>model\n<|channel>thought\n<channel|>",
  "resumed": false,
  "runtime": {
    "backend": "transformer-bridge",
    "chat_template_sha256": "ae53464bf3be25802b3a5b37def7fd89667067d7577049b3b2d74c4d8de4c6d4",
    "dtype": "torch.bfloat16",
    "execution_topology": "single-device",
    "hf_device_map": null,
    "model_revision_requested": "01e5b3ee840d3a9e0b0b493c593e85398a30ef75",
    "model_revision_resolved": "01e5b3ee840d3a9e0b0b493c593e85398a30ef75",
    "parameter_devices": [
      "cuda:0"
    ],
    "peak_allocated_vram_gib": 48.47761297225952,
    "peak_reserved_vram_gib": 48.615234375,
    "torch_version": "2.13.0+cu130",
    "transformer_lens_version": "3.5.1",
    "transformers_version": "5.13.0",
    "visible_cuda_devices": [
      {
        "index": 0,
        "name": "NVIDIA RTX PRO 6000 Blackwell Server Edition"
      }
    ]
  },
  "scientific_gate": "descriptive-only",
  "seed": 20260527,
  "strengths": [
    -0.1,
    -0.05,
    0.0,
    0.05,
    0.1
  ],
  "summary_output": "results/tables/steering_dense_gemma4_26b_a4b_calibrated_scckn_rtx6000.csv",
  "test_topics": [
    3,
    8,
    19,
    35,
    56,
    57,
    66,
    78,
    79,
    97
  ],
  "train_topics": [
    0,
    1,
    2,
    4,
    5,
    6,
    7,
    9,
    10,
    15,
    16,
    17,
    18,
    25,
    26,
    27,
    28,
    36,
    37,
    38,
    45,
    46,
    47,
    48,
    49,
    55,
    58,
    65,
    67,
    68,
    69,
    75,
    76,
    77,
    85,
    86,
    87,
    88,
    95,
    96
  ],
  "vector_kind": "raw"
}
