{
  "checkpoint_dir": "/work/emrecan.ulu/calibrated_steering/20260719T0949Z_qwen36_35b_a3b_resumable/checkpoint",
  "checkpoint_origin_commit": null,
  "control_scale": "sd_matched",
  "direction_sds_train_topics": {
    "competence": 0.2654236423412318,
    "random_000": 0.018415212956367704,
    "random_001": 0.01977103886005805,
    "random_002": 0.01859109230232063,
    "random_003": 0.0195235868270336,
    "random_004": 0.02167615245008739,
    "random_005": 0.01786573688424454,
    "random_006": 0.020251928106934932,
    "random_007": 0.01889712302093078,
    "random_008": 0.02164210777839641,
    "random_009": 0.02090897309455348,
    "random_010": 0.020008392237056208,
    "random_011": 0.02032213387047093,
    "random_012": 0.017616589274288656,
    "random_013": 0.023241399343286586,
    "random_014": 0.023181694832398504,
    "random_015": 0.01897509592425037,
    "random_016": 0.018714643275816657,
    "random_017": 0.016880434176200772,
    "random_018": 0.02029269910867714,
    "random_019": 0.019013217569616412,
    "random_020": 0.020430137876115202,
    "random_021": 0.021505758673258383,
    "random_022": 0.018157633229580725,
    "random_023": 0.02122987694660973,
    "random_024": 0.017722555566055724,
    "random_025": 0.02264604935257592,
    "random_026": 0.01943960048327215,
    "random_027": 0.01726716990152211,
    "random_028": 0.020436941604565568,
    "random_029": 0.01961298471545227,
    "random_030": 0.01923868907710471,
    "random_031": 0.020778900155761188,
    "random_032": 0.02098980267126581,
    "random_033": 0.018054330391798844,
    "random_034": 0.01983605722821508,
    "random_035": 0.021119391622308217,
    "random_036": 0.020154874478981438,
    "random_037": 0.021877980412107607,
    "random_038": 0.01943462468581245,
    "random_039": 0.020780938484072236,
    "random_040": 0.02552709575736091,
    "random_041": 0.02327378564572505,
    "random_042": 0.01847904500160852,
    "random_043": 0.019555928154820094,
    "random_044": 0.020262908544737123,
    "random_045": 0.019346095753388585,
    "random_046": 0.020231796823551206,
    "random_047": 0.020673480131052874,
    "random_048": 0.01954271614780697,
    "random_049": 0.021420463481532103,
    "random_050": 0.023814989148132928,
    "random_051": 0.01845311826122719,
    "random_052": 0.019137495103920245,
    "random_053": 0.018701891597854306,
    "random_054": 0.020946214626353342,
    "random_055": 0.01971031015353732,
    "random_056": 0.017494394934058296,
    "random_057": 0.01830559969747746,
    "random_058": 0.019852422463955806,
    "random_059": 0.027242913635274115,
    "random_060": 0.020605359096407996,
    "random_061": 0.019916589884444395,
    "random_062": 0.02033627404836932,
    "random_063": 0.020729722955724818,
    "random_064": 0.019834320355098065,
    "random_065": 0.023973160418637257,
    "random_066": 0.02103115589286383,
    "random_067": 0.02367021216605186,
    "random_068": 0.01984855016504947,
    "random_069": 0.022175512415425248,
    "random_070": 0.023051033204512985,
    "random_071": 0.018867868918497586,
    "random_072": 0.020838593759875654,
    "random_073": 0.01918779188610415,
    "random_074": 0.0252748924581987,
    "random_075": 0.023286138096641304,
    "random_076": 0.022311534360423914,
    "random_077": 0.021953326765476913,
    "random_078": 0.021558124170167954,
    "random_079": 0.01714169624007095,
    "random_080": 0.019197393880786107,
    "random_081": 0.021555547338128235,
    "random_082": 0.018417657220268543,
    "random_083": 0.017878040740486108,
    "random_084": 0.022493353209347488,
    "random_085": 0.022666115914303737,
    "random_086": 0.019496974711478526,
    "random_087": 0.020351944336281395,
    "random_088": 0.021003734208727087,
    "random_089": 0.02123087660849003,
    "random_090": 0.018273195217510654,
    "random_091": 0.020842324110220228,
    "random_092": 0.019468268617450636,
    "random_093": 0.018175314787931277,
    "random_094": 0.01843535886695064,
    "random_095": 0.021347959943819012,
    "random_096": 0.023486715137152676,
    "random_097": 0.021370508757759657,
    "random_098": 0.018019894709950936,
    "warmth": 0.23373000504589214
  },
  "interventions": [
    "additive",
    "norm_preserving"
  ],
  "label": "qwen36_35b_a3b_calibrated_scckn_rtx6000",
  "mean_residual_norm": 3.5555713176727295,
  "model": "Qwen/Qwen3.6-35B-A3B",
  "n_random_directions": 99,
  "no_token_id": 2665,
  "outputs": [
    "results/tables/steering_dense_raw_qwen36_35b_a3b_calibrated_scckn_rtx6000.csv",
    "results/tables/steering_dense_qwen36_35b_a3b_calibrated_scckn_rtx6000.csv",
    "results/tables/steering_dense_null_qwen36_35b_a3b_calibrated_scckn_rtx6000.csv"
  ],
  "probe_layer": 26,
  "resumed": false,
  "revision": "995ad96eacd98c81ed38be0c5b274b04031597b0",
  "runtime": {
    "accelerate_version": "1.14.0",
    "backend": "huggingface-native",
    "base_model_class": "Qwen3_5MoeModel",
    "cuda_device_name": "NVIDIA RTX PRO 6000 Blackwell Server Edition",
    "cuda_total_vram_gib": 95.010315,
    "dtype": "torch.bfloat16",
    "elapsed_seconds": 6328.367,
    "hook_backend": "torch-forward-hook+transformers-hidden-states",
    "hook_hidden_max_diff": 0.0,
    "language_model_class": "Qwen3_5MoeTextModel",
    "model_class": "Qwen3_5MoeForConditionalGeneration",
    "model_revision_requested": "995ad96eacd98c81ed38be0c5b274b04031597b0",
    "model_revision_resolved": "995ad96eacd98c81ed38be0c5b274b04031597b0",
    "parameter_devices": [
      "cuda:0"
    ],
    "passive_hook_max_logit_diff": 0.0,
    "peak_allocated_vram_gib": 65.518281,
    "peak_reserved_vram_fraction": 0.68985108,
    "peak_reserved_vram_gib": 65.542969,
    "tokenizer_class": "Qwen2Tokenizer",
    "torch_version": "2.13.0+cu130",
    "torchvision_version": "0.28.0",
    "transformer_lens_imported": false,
    "transformer_lens_version": "not-installed",
    "transformers_version": "5.14.1",
    "vision_forward_calls": 0
  },
  "scientific_gate": "descriptive-only",
  "seed": 20260527,
  "status": "pass",
  "stimuli_sha256": "81c3b973e00f131e051a8250d6d076ef7a536974fd8a5fc5596af4b36b6ae916",
  "strengths": [
    -0.1,
    -0.05,
    0.0,
    0.05,
    0.1
  ],
  "test_topics": [
    3,
    8,
    19,
    35,
    56,
    57,
    66,
    78,
    79,
    97
  ],
  "train_topics": [
    0,
    1,
    2,
    4,
    5,
    6,
    7,
    9,
    10,
    15,
    16,
    17,
    18,
    25,
    26,
    27,
    28,
    36,
    37,
    38,
    45,
    46,
    47,
    48,
    49,
    55,
    58,
    65,
    67,
    68,
    69,
    75,
    76,
    77,
    85,
    86,
    87,
    88,
    95,
    96
  ],
  "transformer_lens_imported": false,
  "yes_token_id": 9175
}
