{
  "status": "pass",
  "label": "qwen36_27b_calibrated",
  "model": "Qwen/Qwen3.6-27B",
  "revision": "6a9e13bd6fc8f0983b9b99948120bc37f49c13e9",
  "probe_layer": 42,
  "seed": 20260527,
  "stimuli_sha256": "81c3b973e00f131e051a8250d6d076ef7a536974fd8a5fc5596af4b36b6ae916",
  "train_topics": [
    0,
    1,
    2,
    4,
    5,
    6,
    7,
    9,
    10,
    11,
    12,
    13,
    14,
    16,
    17,
    18,
    19,
    21,
    22,
    23,
    24,
    25,
    26,
    27,
    28,
    29,
    32,
    33,
    35,
    36,
    37,
    38,
    39,
    40,
    43,
    44,
    45,
    46,
    47,
    48
  ],
  "test_topics": [
    3,
    8,
    15,
    20,
    30,
    31,
    34,
    41,
    42,
    49
  ],
  "mean_residual_norm": 71.90372467041016,
  "direction_sds_train_topics": {
    "warmth": 3.8754287113679715,
    "competence": 4.174472562032734,
    "random_000": 0.23091699014987102,
    "random_001": 0.20470869257375143,
    "random_002": 0.20598766415691258,
    "random_003": 0.18438917850859632,
    "random_004": 0.19984000093258544,
    "random_005": 0.2625417961456088,
    "random_006": 0.19849831442156848,
    "random_007": 0.21790689825076665,
    "random_008": 0.19859863860560847,
    "random_009": 0.19872219911570352,
    "random_010": 0.21845624658940405,
    "random_011": 0.2066120434389562,
    "random_012": 0.20387382250518607,
    "random_013": 0.20432933999760092,
    "random_014": 0.1954471008305535,
    "random_015": 0.21514531234680181,
    "random_016": 0.21811799454645342,
    "random_017": 0.2302344873574266,
    "random_018": 0.1812207415518411,
    "random_019": 0.24868549667348525,
    "random_020": 0.19823456016016178,
    "random_021": 0.21996256022925362,
    "random_022": 0.19042047917435126,
    "random_023": 0.23783546046272233,
    "random_024": 0.24734812689546296,
    "random_025": 0.21432242895085088,
    "random_026": 0.17138390899283173,
    "random_027": 0.1718177370955613,
    "random_028": 0.25094224345727284,
    "random_029": 0.22000061076780572,
    "random_030": 0.22678390591563144,
    "random_031": 0.19121418034129398,
    "random_032": 0.23023034633929998,
    "random_033": 0.20089785834124502,
    "random_034": 0.20196872286500409,
    "random_035": 0.18315583124968424,
    "random_036": 0.29313108148672373,
    "random_037": 0.23693926140007462,
    "random_038": 0.19699255413239644,
    "random_039": 0.18510093785875048,
    "random_040": 0.19337072282284928,
    "random_041": 0.20755334019214774,
    "random_042": 0.1541773818002632,
    "random_043": 0.21260198125946744,
    "random_044": 0.20773699737011486,
    "random_045": 0.24271849460475936,
    "random_046": 0.23837213212777827,
    "random_047": 0.19600859410017726,
    "random_048": 0.20709444326189402,
    "random_049": 0.2117742666866623,
    "random_050": 0.2651633819724927,
    "random_051": 0.18891938550234072,
    "random_052": 0.20517529669386153,
    "random_053": 0.21051369724914068,
    "random_054": 0.2239903763654792,
    "random_055": 0.20266643413138163,
    "random_056": 0.20915405893586733,
    "random_057": 0.212674639470685,
    "random_058": 0.1674462856584953,
    "random_059": 0.23497223272552373,
    "random_060": 0.18669420244371987,
    "random_061": 0.20951637160583148,
    "random_062": 0.1938055149491005,
    "random_063": 0.23452828514202018,
    "random_064": 0.2153587425575873,
    "random_065": 0.203288657025294,
    "random_066": 0.24484859250878183,
    "random_067": 0.21620023894728035,
    "random_068": 0.19136738817586,
    "random_069": 0.19725243964580966,
    "random_070": 0.18317151750409927,
    "random_071": 0.20320007318257974,
    "random_072": 0.18998873929850948,
    "random_073": 0.2164103825908524,
    "random_074": 0.1839991766769072,
    "random_075": 0.24887366242148937,
    "random_076": 0.1850148342182332,
    "random_077": 0.21914324945142796,
    "random_078": 0.1986583661737197,
    "random_079": 0.2021102093671109,
    "random_080": 0.20557725863893864,
    "random_081": 0.2055253558292113,
    "random_082": 0.1737423458338564,
    "random_083": 0.1979882344636488,
    "random_084": 0.2010161930403003,
    "random_085": 0.1615227607341644,
    "random_086": 0.18571209833970778,
    "random_087": 0.18698111655167557,
    "random_088": 0.2175514616232232,
    "random_089": 0.18041665964566705,
    "random_090": 0.20301612662888555,
    "random_091": 0.1740581585806428,
    "random_092": 0.18504897189833275,
    "random_093": 0.2508831556606505,
    "random_094": 0.2165486942559791,
    "random_095": 0.24145664645415937,
    "random_096": 0.22028914249562337,
    "random_097": 0.2457525824633546,
    "random_098": 0.210300252713112
  },
  "control_scale": "sd_matched",
  "interventions": [
    "additive",
    "norm_preserving"
  ],
  "n_random_directions": 99,
  "strengths": [
    -0.1,
    -0.05,
    0.0,
    0.05,
    0.1
  ],
  "yes_token_id": 9175,
  "no_token_id": 2665,
  "transformer_lens_imported": false,
  "scientific_gate": "descriptive-only",
  "runtime": {
    "backend": "huggingface-native",
    "hook_backend": "torch-forward-hook+transformers-hidden-states",
    "transformers_version": "5.14.1",
    "torch_version": "2.13.0+cu130",
    "torchvision_version": "0.28.0",
    "accelerate_version": "1.14.0",
    "transformer_lens_version": "not-installed",
    "transformer_lens_imported": false,
    "model_class": "Qwen3_5ForConditionalGeneration",
    "base_model_class": "Qwen3_5Model",
    "language_model_class": "Qwen3_5TextModel",
    "tokenizer_class": "Qwen2Tokenizer",
    "model_revision_requested": "6a9e13bd6fc8f0983b9b99948120bc37f49c13e9",
    "model_revision_resolved": "6a9e13bd6fc8f0983b9b99948120bc37f49c13e9",
    "dtype": "torch.bfloat16",
    "parameter_devices": [
      "cuda:0"
    ],
    "cuda_device_name": "NVIDIA RTX PRO 6000 Blackwell Server Edition",
    "cuda_total_vram_gib": 95.010315,
    "peak_allocated_vram_gib": 51.255887,
    "peak_reserved_vram_gib": 51.285156,
    "peak_reserved_vram_fraction": 0.53978514,
    "elapsed_seconds": 2147.332,
    "vision_forward_calls": 0,
    "hook_hidden_max_diff": 0.0,
    "passive_hook_max_logit_diff": 0.0
  },
  "outputs": [
    "results/tables/steering_dense_raw_qwen36_27b_calibrated.csv",
    "results/tables/steering_dense_qwen36_27b_calibrated.csv",
    "results/tables/steering_dense_null_qwen36_27b_calibrated.csv"
  ]
}