{
  "checkpoint_dir": "/work/emrecan.ulu/calibrated_steering/20260719T0949Z_qwen36_27b_resumable/checkpoint",
  "checkpoint_origin_commit": null,
  "control_scale": "sd_matched",
  "direction_sds_train_topics": {
    "competence": 4.152027283659681,
    "random_000": 0.22662203041012197,
    "random_001": 0.2022157025494329,
    "random_002": 0.2058760550988133,
    "random_003": 0.17549938712102664,
    "random_004": 0.20834708081856756,
    "random_005": 0.2555722543988989,
    "random_006": 0.20785686793678362,
    "random_007": 0.2205532756326522,
    "random_008": 0.19996907643580836,
    "random_009": 0.19989132956922306,
    "random_010": 0.21232864535035734,
    "random_011": 0.22584774570049487,
    "random_012": 0.20532424222246776,
    "random_013": 0.2012929841356275,
    "random_014": 0.19808400707056956,
    "random_015": 0.21203968852189822,
    "random_016": 0.2165166519257608,
    "random_017": 0.2457789205330853,
    "random_018": 0.18474078717452005,
    "random_019": 0.24298823158891497,
    "random_020": 0.19083034025554108,
    "random_021": 0.21154033856239327,
    "random_022": 0.19349789367882533,
    "random_023": 0.24661131667084757,
    "random_024": 0.24070909477196503,
    "random_025": 0.21240091716805906,
    "random_026": 0.17303209230101518,
    "random_027": 0.17197835857782107,
    "random_028": 0.25799662928763134,
    "random_029": 0.2209963878308118,
    "random_030": 0.21475893869104845,
    "random_031": 0.18662949349456215,
    "random_032": 0.2169042516576691,
    "random_033": 0.19448518150068156,
    "random_034": 0.1969244499672527,
    "random_035": 0.18726144120711447,
    "random_036": 0.3029950582506192,
    "random_037": 0.2319417622910054,
    "random_038": 0.20894091985075894,
    "random_039": 0.18068997254686706,
    "random_040": 0.19254778784338705,
    "random_041": 0.20756455557810705,
    "random_042": 0.15777958280424056,
    "random_043": 0.2132443522466884,
    "random_044": 0.2159226976921759,
    "random_045": 0.23626105244809703,
    "random_046": 0.2305077734187867,
    "random_047": 0.20339967393548752,
    "random_048": 0.2078190170228045,
    "random_049": 0.20858221590173193,
    "random_050": 0.2649932229705427,
    "random_051": 0.19159340267626446,
    "random_052": 0.20407372423538916,
    "random_053": 0.20070757449621127,
    "random_054": 0.22448226333283186,
    "random_055": 0.20350916901168176,
    "random_056": 0.20448867229066975,
    "random_057": 0.21378626749567534,
    "random_058": 0.17252915148859335,
    "random_059": 0.24196212654629898,
    "random_060": 0.18858431000652584,
    "random_061": 0.211948676653809,
    "random_062": 0.1847632638828561,
    "random_063": 0.23530996921298977,
    "random_064": 0.21517749250785317,
    "random_065": 0.1958192314462788,
    "random_066": 0.24607674096582347,
    "random_067": 0.22780525333149557,
    "random_068": 0.19762111118503067,
    "random_069": 0.19694739013040727,
    "random_070": 0.1912040786651559,
    "random_071": 0.2058496486776882,
    "random_072": 0.19206929076688378,
    "random_073": 0.2183898594918809,
    "random_074": 0.18555834126094328,
    "random_075": 0.23602527137656332,
    "random_076": 0.18834711310671132,
    "random_077": 0.2176060761260884,
    "random_078": 0.19439863763006926,
    "random_079": 0.2037666418291721,
    "random_080": 0.19977741339657032,
    "random_081": 0.2119821125894975,
    "random_082": 0.1706083459534695,
    "random_083": 0.19872896446928398,
    "random_084": 0.19712626874099576,
    "random_085": 0.1679833295768876,
    "random_086": 0.1960902391795052,
    "random_087": 0.19364126772099108,
    "random_088": 0.22981018252673713,
    "random_089": 0.18947789185680594,
    "random_090": 0.21085217455414954,
    "random_091": 0.17036479079515837,
    "random_092": 0.18036835417912483,
    "random_093": 0.25650604884034245,
    "random_094": 0.209500359263136,
    "random_095": 0.2445293782886371,
    "random_096": 0.22102888733572532,
    "random_097": 0.24841408777249985,
    "random_098": 0.22451853059851634,
    "warmth": 3.897857105381841
  },
  "interventions": [
    "additive",
    "norm_preserving"
  ],
  "label": "qwen36_27b_calibrated_topicfix_scckn_rtx6000",
  "mean_residual_norm": 71.90372467041016,
  "model": "Qwen/Qwen3.6-27B",
  "n_random_directions": 99,
  "no_token_id": 2665,
  "outputs": [
    "results/tables/steering_dense_raw_qwen36_27b_calibrated_topicfix_scckn_rtx6000.csv",
    "results/tables/steering_dense_qwen36_27b_calibrated_topicfix_scckn_rtx6000.csv",
    "results/tables/steering_dense_null_qwen36_27b_calibrated_topicfix_scckn_rtx6000.csv"
  ],
  "probe_layer": 42,
  "resumed": false,
  "revision": "6a9e13bd6fc8f0983b9b99948120bc37f49c13e9",
  "runtime": {
    "accelerate_version": "1.14.0",
    "backend": "huggingface-native",
    "base_model_class": "Qwen3_5Model",
    "cuda_device_name": "NVIDIA RTX PRO 6000 Blackwell Server Edition",
    "cuda_total_vram_gib": 95.010315,
    "dtype": "torch.bfloat16",
    "elapsed_seconds": 5158.49,
    "hook_backend": "torch-forward-hook+transformers-hidden-states",
    "hook_hidden_max_diff": 0.0,
    "language_model_class": "Qwen3_5TextModel",
    "model_class": "Qwen3_5ForConditionalGeneration",
    "model_revision_requested": "6a9e13bd6fc8f0983b9b99948120bc37f49c13e9",
    "model_revision_resolved": "6a9e13bd6fc8f0983b9b99948120bc37f49c13e9",
    "parameter_devices": [
      "cuda:0"
    ],
    "passive_hook_max_logit_diff": 0.0,
    "peak_allocated_vram_gib": 51.255887,
    "peak_reserved_vram_fraction": 0.53978514,
    "peak_reserved_vram_gib": 51.285156,
    "tokenizer_class": "Qwen2Tokenizer",
    "torch_version": "2.13.0+cu130",
    "torchvision_version": "0.28.0",
    "transformer_lens_imported": false,
    "transformer_lens_version": "not-installed",
    "transformers_version": "5.14.1",
    "vision_forward_calls": 0
  },
  "scientific_gate": "descriptive-only",
  "seed": 20260527,
  "status": "pass",
  "stimuli_sha256": "81c3b973e00f131e051a8250d6d076ef7a536974fd8a5fc5596af4b36b6ae916",
  "strengths": [
    -0.1,
    -0.05,
    0.0,
    0.05,
    0.1
  ],
  "test_topics": [
    3,
    8,
    19,
    35,
    56,
    57,
    66,
    78,
    79,
    97
  ],
  "train_topics": [
    0,
    1,
    2,
    4,
    5,
    6,
    7,
    9,
    10,
    15,
    16,
    17,
    18,
    25,
    26,
    27,
    28,
    36,
    37,
    38,
    45,
    46,
    47,
    48,
    49,
    55,
    58,
    65,
    67,
    68,
    69,
    75,
    76,
    77,
    85,
    86,
    87,
    88,
    95,
    96
  ],
  "transformer_lens_imported": false,
  "yes_token_id": 9175
}
