{
  "calibration_activation_rows": 160,
  "checkpoint_dir": "/work/emrecan.ulu/calibrated_steering/20260718T205911Z/checkpoint",
  "checkpoint_origin_commit": "ae94b4d62d55d39e477dac29b754916f77f9b3ad",
  "control_scale": "sd_matched",
  "direction_sds_train_topics": {
    "competence": 6.359379955173195,
    "random_000": 0.28612922559039167,
    "random_001": 0.2962639281519749,
    "random_002": 0.3205777601722252,
    "random_003": 0.3429097369001563,
    "random_004": 0.35990113989888795,
    "random_005": 0.31996321503805875,
    "random_006": 0.3503421560919909,
    "random_007": 0.3273250161841724,
    "random_008": 0.349861996608719,
    "random_009": 0.332854821566185,
    "random_010": 0.2978852776799404,
    "random_011": 0.28307201574529767,
    "random_012": 0.3252848629065753,
    "random_013": 0.2889303659416458,
    "random_014": 0.26360723453593043,
    "random_015": 0.30110412955812527,
    "random_016": 0.2729710917253449,
    "random_017": 0.3137452256737913,
    "random_018": 0.30514088531630723,
    "random_019": 0.33945579080972665,
    "random_020": 0.30633675637183133,
    "random_021": 0.32750783829368413,
    "random_022": 0.2807483050432521,
    "random_023": 0.30516457844937017,
    "random_024": 0.29523680922753337,
    "random_025": 0.3027031043692526,
    "random_026": 0.3090778495529871,
    "random_027": 0.2710391177670522,
    "random_028": 0.3079035965442185,
    "random_029": 0.32259249148613833,
    "random_030": 0.32903946436041465,
    "random_031": 0.2694141586201017,
    "random_032": 0.30487579758449557,
    "random_033": 0.29733942286463155,
    "random_034": 0.3076542873217557,
    "random_035": 0.3514432713963833,
    "random_036": 0.3557783139588926,
    "random_037": 0.3201623082637857,
    "random_038": 0.26886643864402826,
    "random_039": 0.3038940651684768,
    "random_040": 0.3559518765334894,
    "random_041": 0.33787547741733587,
    "random_042": 0.29817975639056815,
    "random_043": 0.3199542756297813,
    "random_044": 0.2831635806290583,
    "random_045": 0.32604175459420803,
    "random_046": 0.31354073736442317,
    "random_047": 0.28556193545845565,
    "random_048": 0.2715344813198677,
    "random_049": 0.35131180582237664,
    "random_050": 0.33012659416956547,
    "random_051": 0.2813221977174619,
    "random_052": 0.3903378017506425,
    "random_053": 0.26088563328852865,
    "random_054": 0.32868719417619013,
    "random_055": 0.33990599901004165,
    "random_056": 0.3272347548013602,
    "random_057": 0.41034951446349205,
    "random_058": 0.3119283869720925,
    "random_059": 0.3023043995910188,
    "random_060": 0.286605433933539,
    "random_061": 0.2760119284352003,
    "random_062": 0.30110875311734314,
    "random_063": 0.3207110758426572,
    "random_064": 0.30332110487636976,
    "random_065": 0.32694669571728135,
    "random_066": 0.350616864335939,
    "random_067": 0.2966086246482933,
    "random_068": 0.31231695304453055,
    "random_069": 0.3281336522633766,
    "random_070": 0.34054444655445676,
    "random_071": 0.3174164433060548,
    "random_072": 0.32442404640678263,
    "random_073": 0.262652456941541,
    "random_074": 0.28814206983942636,
    "random_075": 0.3308976122890271,
    "random_076": 0.3243848857079777,
    "random_077": 0.31526002716543267,
    "random_078": 0.3379012470899271,
    "random_079": 0.30015332549897134,
    "random_080": 0.30257229465010305,
    "random_081": 0.32824937299683415,
    "random_082": 0.3827992251622593,
    "random_083": 0.35790917371537284,
    "random_084": 0.293163617291848,
    "random_085": 0.2937647669020807,
    "random_086": 0.2814190206452324,
    "random_087": 0.26197980454746705,
    "random_088": 0.31616408597659146,
    "random_089": 0.25103879052881367,
    "random_090": 0.3152896148396979,
    "random_091": 0.3247327350908254,
    "random_092": 0.2824394059264803,
    "random_093": 0.2874239550392521,
    "random_094": 0.2639286122105657,
    "random_095": 0.3134494866777571,
    "random_096": 0.35755382199837377,
    "random_097": 0.2761892967272503,
    "random_098": 0.30911732319745694,
    "warmth": 5.439453029132101
  },
  "hook": "blocks.39.hook_resid_post",
  "include_cross_axis": true,
  "interventions": [
    "additive",
    "norm_preserving"
  ],
  "label": "gemma4_31b_calibrated_scckn_rtx6000",
  "mean_resid_norm": 188.5252685546875,
  "model": "google/gemma-4-31B-it",
  "n_random_directions": 99,
  "n_test_topics": 10,
  "null_output": "results/tables/steering_dense_null_gemma4_31b_calibrated_scckn_rtx6000.csv",
  "probe_layer": 39,
  "prompt_format": "native-chat",
  "raw_output": "results/tables/steering_dense_raw_gemma4_31b_calibrated_scckn_rtx6000.csv",
  "rendered_prompt_example": "<bos><|turn>user\nRead the story below. Is the protagonist high in warmth, meaning warm, caring, considerate, and well-intentioned? Answer only Yes or No.\n\nStory:\nA person completed a routine task.\n\nAnswer:<turn|>\n<|turn>model\n<|channel>thought\n<channel|>",
  "resumed": true,
  "runtime": {
    "backend": "transformer-bridge",
    "chat_template_sha256": "ae53464bf3be25802b3a5b37def7fd89667067d7577049b3b2d74c4d8de4c6d4",
    "dtype": "torch.bfloat16",
    "execution_topology": "single-device",
    "hf_device_map": null,
    "model_revision_requested": "b9ea41a2887d8607f594846523f94c6cc75ac8a4",
    "model_revision_resolved": "b9ea41a2887d8607f594846523f94c6cc75ac8a4",
    "parameter_devices": [
      "cuda:0"
    ],
    "peak_allocated_vram_gib": 58.69442701339722,
    "peak_reserved_vram_gib": 59.263671875,
    "torch_version": "2.13.0+cu130",
    "transformer_lens_version": "3.5.1",
    "transformers_version": "5.13.0",
    "visible_cuda_devices": [
      {
        "index": 0,
        "name": "NVIDIA RTX PRO 6000 Blackwell Server Edition"
      }
    ]
  },
  "scientific_gate": "descriptive-only",
  "seed": 20260527,
  "strengths": [
    -0.1,
    -0.05,
    0.0,
    0.05,
    0.1
  ],
  "summary_output": "results/tables/steering_dense_gemma4_31b_calibrated_scckn_rtx6000.csv",
  "test_topics": [
    3,
    8,
    19,
    35,
    56,
    57,
    66,
    78,
    79,
    97
  ],
  "train_topics": [
    0,
    1,
    2,
    4,
    5,
    6,
    7,
    9,
    10,
    15,
    16,
    17,
    18,
    25,
    26,
    27,
    28,
    36,
    37,
    38,
    45,
    46,
    47,
    48,
    49,
    55,
    58,
    65,
    67,
    68,
    69,
    75,
    76,
    77,
    85,
    86,
    87,
    88,
    95,
    96
  ],
  "vector_kind": "raw"
}
